{
    "sessionId": "922355c286f3046f5b01a33e2f49ac85",
    "status": 0,
    "value": [
        {
            "bottom": 495.8374938964844,
            "left": 463.3999938964844,
            "right": 1016.0000305175781,
            "top": 185
        }
    ]
}