{
    "sessionId": "1d85cba53a195b4db423459b5ab32cb5",
    "status": 0,
    "value": [
        {
            "bottom": 1813.9125671386719,
            "left": 0,
            "right": 1036,
            "top": 1307.5125732421875
        }
    ]
}