{
    "sessionId": "922355c286f3046f5b01a33e2f49ac85",
    "status": 0,
    "value": [
        {
            "bottom": 1813.9125671386719,
            "left": 0,
            "right": 1036,
            "top": 1307.5125732421875
        }
    ]
}