{
    "sessionId": "1d85cba53a195b4db423459b5ab32cb5",
    "status": 0,
    "value": [
        {
            "bottom": 1857.1125183105469,
            "left": 0,
            "right": 1036,
            "top": 1350.7125244140625
        }
    ]
}