{
    "sessionId": "1d85cba53a195b4db423459b5ab32cb5",
    "status": 0,
    "value": [
        {
            "bottom": 495.8374938964844,
            "left": 463.3999938964844,
            "right": 1016.0000305175781,
            "top": 185
        }
    ]
}