{
    "sessionId": "db55b8dd92977914752eeeef35fe2abe",
    "status": 0,
    "value": [
        {
            "bottom": 4592.11279296875,
            "left": 185.5,
            "right": 1350.5,
            "top": 4126.11279296875
        }
    ]
}