{
    "sessionId": "6435c6328a7ded680ba7abdfe397292e",
    "status": 0,
    "value": [
        {
            "bottom": 4451.862457275391,
            "left": 0,
            "right": 1036,
            "top": 4022.137451171875
        }
    ]
}