{
    "sessionId": "3bcd36925231b97f9a7532cc28328674",
    "status": 0,
    "value": [
        {
            "bottom": 482.328125,
            "left": 447.390625,
            "right": 975.984375,
            "top": 185
        }
    ]
}