{
    "value": [
        {
            "bottom": 4561.499908447266,
            "left": 59.100006103515625,
            "right": 1224.1000061035156,
            "top": 4097.89990234375
        }
    ]
}