{
    "sessionId": "db55b8dd92977914752eeeef35fe2abe",
    "status": 0,
    "value": [
        {
            "bottom": 1832.1125183105469,
            "left": 168,
            "right": 1368,
            "top": 1325.7125244140625
        }
    ]
}