{
    "sessionId": "922355c286f3046f5b01a33e2f49ac85",
    "status": 0,
    "value": [
        {
            "bottom": 4451.862457275391,
            "left": 0,
            "right": 1036,
            "top": 4022.137451171875
        }
    ]
}