{
    "sessionId": "11dfb8e7b8580da9513f86aa13808f4e",
    "status": 0,
    "value": [
        {
            "bottom": 4958.03125,
            "left": 0,
            "right": 996,
            "top": 4003.40625
        }
    ]
}