{
    "sessionId": "143404ebfd73103ebaf7c18b1d692345",
    "status": 0,
    "value": [
        {
            "bottom": 1813.9125671386719,
            "left": 0,
            "right": 1036,
            "top": 1307.5125732421875
        }
    ]
}