{
    "sessionId": "1d85cba53a195b4db423459b5ab32cb5",
    "status": 0,
    "value": [
        {
            "bottom": 4451.862457275391,
            "left": 0,
            "right": 1036,
            "top": 4022.137451171875
        }
    ]
}