{
    "sessionId": "003aaae9660e731795e453078d47dc0b",
    "status": 0,
    "value": [
        {
            "bottom": 1857.1125183105469,
            "left": 0,
            "right": 1036,
            "top": 1350.7125244140625
        }
    ]
}