{
    "sessionId": "143404ebfd73103ebaf7c18b1d692345",
    "status": 0,
    "value": [
        {
            "bottom": 1857.1125183105469,
            "left": 0,
            "right": 1036,
            "top": 1350.7125244140625
        }
    ]
}