{
    "sessionId": "3bcd36925231b97f9a7532cc28328674",
    "status": 0,
    "value": [
        {
            "bottom": 4958.03125,
            "left": 0,
            "right": 996,
            "top": 4003.40625
        }
    ]
}