{
    "sessionId": "003aaae9660e731795e453078d47dc0b",
    "status": 0,
    "value": [
        {
            "bottom": 495.8374938964844,
            "left": 463.3999938964844,
            "right": 1016.0000305175781,
            "top": 185
        }
    ]
}