{
    "sessionId": "003aaae9660e731795e453078d47dc0b",
    "status": 0,
    "value": [
        {
            "bottom": 1813.9125671386719,
            "left": 0,
            "right": 1036,
            "top": 1307.5125732421875
        }
    ]
}