{
    "sessionId": "6435c6328a7ded680ba7abdfe397292e",
    "status": 0,
    "value": [
        {
            "bottom": 1813.9125671386719,
            "left": 0,
            "right": 1036,
            "top": 1307.5125732421875
        }
    ]
}