{
    "sessionId": "6435c6328a7ded680ba7abdfe397292e",
    "status": 0,
    "value": [
        {
            "bottom": 495.8374938964844,
            "left": 463.3999938964844,
            "right": 1016.0000305175781,
            "top": 185
        }
    ]
}