{
    "sessionId": "11dfb8e7b8580da9513f86aa13808f4e",
    "status": 0,
    "value": [
        {
            "bottom": 482.328125,
            "left": 447.390625,
            "right": 975.984375,
            "top": 185
        }
    ]
}