{
    "sessionId": "922355c286f3046f5b01a33e2f49ac85",
    "status": 0,
    "value": [
        {
            "bottom": 1857.1125183105469,
            "left": 0,
            "right": 1036,
            "top": 1350.7125244140625
        }
    ]
}