{
    "sessionId": "003aaae9660e731795e453078d47dc0b",
    "status": 0,
    "value": [
        {
            "bottom": 4495.062652587891,
            "left": 0,
            "right": 1036,
            "top": 4065.337646484375
        }
    ]
}