{
    "sessionId": "143404ebfd73103ebaf7c18b1d692345",
    "status": 0,
    "value": [
        {
            "bottom": 4451.862457275391,
            "left": 0,
            "right": 1036,
            "top": 4022.137451171875
        }
    ]
}